controllerID,channel,address,bodyPart,rightLeft,x,y,z
1,1,0,1,1,223,292,0
1,1,1,1,1,222,292,0
1,1,2,1,1,221,292,0
1,1,3,1,1,219,292,0
1,1,4,1,1,218,292,0
1,1,5,1,1,217,292,0
1,1,6,1,1,215,292,0
1,1,7,1,1,214,292,0
1,1,8,1,1,213,292,0
1,1,9,1,1,211,292,0
1,1,10,1,1,210,292,0
1,1,11,1,1,209,292,0
1,1,12,1,1,208,292,0
1,1,13,1,1,206,292,0
1,1,14,1,1,205,292,0
1,1,15,1,1,204,292,0
1,1,16,1,1,202,292,0
1,1,17,1,1,201,292,0
1,1,18,1,1,200,292,0
1,1,19,1,1,198,291,0
1,1,20,1,1,197,291,0
1,1,21,1,1,196,291,0
1,1,22,1,1,195,291,0
1,1,23,1,1,193,291,0
1,1,24,1,1,192,291,0
1,1,25,1,1,191,291,0
1,1,26,1,1,189,291,0
1,1,27,1,1,188,291,0
1,1,28,1,1,187,291,0
1,1,29,1,1,185,291,0
1,1,30,1,1,184,291,0
1,1,31,1,1,183,291,0
1,1,32,1,1,182,291,0
1,1,33,1,1,180,291,0
1,1,34,1,1,179,291,0
1,1,35,1,1,178,291,0
1,1,36,1,1,176,291,0
1,1,37,1,1,175,291,0
1,1,38,1,1,174,291,0
1,1,39,1,1,172,291,0
1,1,40,1,1,171,291,0
1,1,41,1,1,170,291,0
1,1,42,1,1,169,291,0
1,1,43,1,1,167,291,0
1,1,44,1,1,166,291,0
1,1,45,1,1,165,291,0
1,1,46,1,1,163,291,0
1,1,47,1,1,162,291,0
1,1,48,1,1,161,291,0
1,1,49,1,1,160,291,0
1,1,50,1,1,158,291,0
1,1,51,1,1,157,291,0
1,1,52,1,1,156,290,0
1,1,53,1,1,154,290,0
1,1,54,1,1,153,290,0
1,1,55,1,1,152,290,0
1,1,56,1,1,150,290,0
1,1,57,1,1,149,290,0
1,1,58,1,1,148,290,0
1,1,59,1,1,147,290,0
1,1,60,1,1,145,290,0
1,1,61,1,1,144,290,0
1,1,62,1,1,143,290,0
1,1,63,1,1,141,290,0
1,1,64,1,1,140,290,0
1,1,65,1,1,139,290,0
1,1,66,1,1,137,290,0
1,1,67,1,1,136,290,0
1,1,68,1,1,135,290,0
1,1,69,1,1,134,290,0
1,1,70,1,1,132,290,0
1,1,71,1,1,131,290,0
1,1,72,1,1,130,290,0
1,1,73,1,1,128,290,0
1,1,74,1,1,127,290,0
1,1,75,1,1,126,290,0
1,1,76,1,1,124,290,0
1,1,77,1,1,123,290,0
1,1,78,1,1,122,290,0
1,1,79,1,1,121,290,0
1,1,80,1,1,119,290,0
1,1,81,1,1,118,290,0
1,1,82,1,1,117,290,0
1,1,83,1,1,115,290,0
1,1,84,1,1,114,289,0
1,1,85,1,1,113,289,0
1,1,86,1,1,111,289,0
1,1,87,1,1,110,289,0
1,1,88,1,1,109,289,0
1,1,89,1,1,108,289,0
1,1,90,1,1,106,289,0
1,1,91,1,1,105,289,0
1,1,92,1,1,104,289,0
1,1,93,1,1,102,289,0
1,1,94,1,1,101,289,0
1,1,95,1,1,100,289,0
1,1,96,1,1,98,289,0
1,1,97,1,1,97,289,0
1,1,98,1,1,96,289,0
1,1,99,1,1,95,289,0
1,1,100,1,1,385,292,0
1,1,101,1,1,384,292,0
1,1,102,1,1,383,292,0
1,1,103,1,1,381,292,0
1,1,104,1,1,380,292,0
1,1,105,1,1,379,292,0
1,1,106,1,1,377,292,0
1,1,107,1,1,376,292,0
1,1,108,1,1,375,292,0
1,1,109,1,1,373,292,0
1,1,110,1,1,372,292,0
1,1,111,1,1,371,292,0
1,1,112,1,1,370,292,0
1,1,113,1,1,368,292,0
1,1,114,1,1,367,292,0
1,1,115,1,1,366,292,0
1,1,116,1,1,364,292,0
1,1,117,1,1,363,292,0
1,1,118,1,1,362,292,0
1,1,119,1,1,360,292,0
1,1,120,1,1,359,292,0
1,1,121,1,1,358,292,0
1,1,122,1,1,357,292,0
1,1,123,1,1,355,292,0
1,1,124,1,1,354,292,0
1,1,125,1,1,353,292,0
1,1,126,1,1,351,292,0
1,1,127,1,1,350,292,0
1,1,128,1,1,349,292,0
1,1,129,1,1,348,292,0
1,1,130,1,1,346,292,0
1,1,131,1,1,345,291,0
1,1,132,1,1,344,291,0
1,1,133,1,1,342,291,0
1,1,134,1,1,341,291,0
1,1,135,1,1,340,291,0
1,1,136,1,1,338,291,0
1,1,137,1,1,337,291,0
1,1,138,1,1,336,291,0
1,1,139,1,1,335,291,0
1,1,140,1,1,333,291,0
1,1,141,1,1,332,291,0
1,1,142,1,1,331,291,0
1,1,143,1,1,329,291,0
1,1,144,1,1,328,291,0
1,1,145,1,1,327,291,0
1,1,146,1,1,325,291,0
1,1,147,1,1,324,291,0
1,1,148,1,1,323,291,0
1,1,149,1,1,322,291,0
1,1,150,1,1,320,291,0
1,1,151,1,1,319,291,0
1,1,152,1,1,318,291,0
1,1,153,1,1,316,291,0
1,1,154,1,1,315,291,0
1,1,155,1,1,314,291,0
1,1,156,1,1,312,291,0
1,1,157,1,1,311,291,0
1,1,158,1,1,310,291,0
1,1,159,1,1,309,291,0
1,1,160,1,1,307,291,0
1,1,161,1,1,306,291,0
1,1,162,1,1,305,291,0
1,1,163,1,1,303,290,0
1,1,164,1,1,302,290,0
1,1,165,1,1,301,290,0
1,1,166,1,1,299,290,0
1,1,167,1,1,298,290,0
1,1,168,1,1,297,290,0
1,1,169,1,1,296,290,0
1,1,170,1,1,294,290,0
1,1,171,1,1,293,290,0
1,1,172,1,1,292,290,0
1,1,173,1,1,290,290,0
1,1,174,1,1,289,290,0
1,1,175,1,1,288,290,0
1,1,176,1,1,286,290,0
1,1,177,1,1,285,290,0
1,1,178,1,1,284,290,0
1,1,179,1,1,283,290,0
1,1,180,1,1,281,290,0
1,1,181,1,1,280,290,0
1,1,182,1,1,279,290,0
1,1,183,1,1,277,290,0
1,1,184,1,1,276,290,0
1,1,185,1,1,275,290,0
1,1,186,1,1,273,290,0
1,1,187,1,1,272,290,0
1,1,188,1,1,271,290,0
1,1,189,1,1,270,290,0
1,1,190,1,1,268,290,0
1,1,191,1,1,267,290,0
1,1,192,1,1,266,290,0
1,1,193,1,1,264,290,0
1,1,194,1,1,263,290,0
1,1,195,1,1,262,290,0
1,1,196,1,1,261,289,0
1,1,197,1,1,259,289,0
1,1,198,1,1,258,289,0
1,1,199,1,1,257,289,0
1,1,200,1,1,495,292,0
1,1,201,1,1,494,292,0
1,1,202,1,1,492,292,0
1,1,203,1,1,491,292,0
1,1,204,1,1,490,292,0
1,1,205,1,1,488,292,0
1,1,206,1,1,487,292,0
1,1,207,1,1,485,292,0
1,1,208,1,1,484,293,0
1,1,209,1,1,482,293,0
1,1,210,1,1,481,293,0
1,1,211,1,1,479,293,0
1,1,212,1,1,478,293,0
1,1,213,1,1,476,293,0
1,1,214,1,1,475,293,0
1,1,215,1,1,473,293,0
1,1,216,1,1,472,293,0
1,1,217,1,1,470,293,0
1,1,218,1,1,469,293,0
1,1,219,1,1,468,293,0
1,1,220,1,1,466,293,0
1,1,221,1,1,465,293,0
1,1,222,1,1,463,293,0
1,1,223,1,1,462,293,0
1,1,224,1,1,460,293,0
1,1,225,1,1,459,293,0
1,1,226,1,1,457,293,0
1,1,227,1,1,456,293,0
1,1,228,1,1,454,293,0
1,1,229,1,1,453,293,0
1,1,230,1,1,451,293,0
1,1,231,1,1,450,293,0
1,1,232,1,1,448,293,0
1,1,233,1,1,447,293,0
1,1,234,1,1,446,293,0
1,1,235,1,1,444,293,0
1,1,236,1,1,443,293,0
1,1,237,1,1,441,293,0
1,1,238,1,1,440,293,0
1,1,239,1,1,438,293,0
1,1,240,1,1,437,293,0
1,1,241,1,1,435,293,0
1,1,242,1,1,434,293,0
1,1,243,1,1,432,293,0
1,1,244,1,1,431,293,0
1,1,245,1,1,429,293,0
1,1,246,1,1,428,293,0
1,1,247,1,1,426,293,0
1,1,248,1,1,425,293,0
1,1,249,1,1,424,293,0
1,2,0,1,2,-223,292,0
1,2,1,1,2,-222,292,0
1,2,2,1,2,-221,292,0
1,2,3,1,2,-219,292,0
1,2,4,1,2,-218,292,0
1,2,5,1,2,-217,292,0
1,2,6,1,2,-215,292,0
1,2,7,1,2,-214,292,0
1,2,8,1,2,-213,292,0
1,2,9,1,2,-211,292,0
1,2,10,1,2,-210,292,0
1,2,11,1,2,-209,292,0
1,2,12,1,2,-208,292,0
1,2,13,1,2,-206,292,0
1,2,14,1,2,-205,292,0
1,2,15,1,2,-204,292,0
1,2,16,1,2,-202,292,0
1,2,17,1,2,-201,292,0
1,2,18,1,2,-200,292,0
1,2,19,1,2,-198,291,0
1,2,20,1,2,-197,291,0
1,2,21,1,2,-196,291,0
1,2,22,1,2,-195,291,0
1,2,23,1,2,-193,291,0
1,2,24,1,2,-192,291,0
1,2,25,1,2,-191,291,0
1,2,26,1,2,-189,291,0
1,2,27,1,2,-188,291,0
1,2,28,1,2,-187,291,0
1,2,29,1,2,-185,291,0
1,2,30,1,2,-184,291,0
1,2,31,1,2,-183,291,0
1,2,32,1,2,-182,291,0
1,2,33,1,2,-180,291,0
1,2,34,1,2,-179,291,0
1,2,35,1,2,-178,291,0
1,2,36,1,2,-176,291,0
1,2,37,1,2,-175,291,0
1,2,38,1,2,-174,291,0
1,2,39,1,2,-172,291,0
1,2,40,1,2,-171,291,0
1,2,41,1,2,-170,291,0
1,2,42,1,2,-169,291,0
1,2,43,1,2,-167,291,0
1,2,44,1,2,-166,291,0
1,2,45,1,2,-165,291,0
1,2,46,1,2,-163,291,0
1,2,47,1,2,-162,291,0
1,2,48,1,2,-161,291,0
1,2,49,1,2,-160,291,0
1,2,50,1,2,-158,291,0
1,2,51,1,2,-157,291,0
1,2,52,1,2,-156,290,0
1,2,53,1,2,-154,290,0
1,2,54,1,2,-153,290,0
1,2,55,1,2,-152,290,0
1,2,56,1,2,-150,290,0
1,2,57,1,2,-149,290,0
1,2,58,1,2,-148,290,0
1,2,59,1,2,-147,290,0
1,2,60,1,2,-145,290,0
1,2,61,1,2,-144,290,0
1,2,62,1,2,-143,290,0
1,2,63,1,2,-141,290,0
1,2,64,1,2,-140,290,0
1,2,65,1,2,-139,290,0
1,2,66,1,2,-137,290,0
1,2,67,1,2,-136,290,0
1,2,68,1,2,-135,290,0
1,2,69,1,2,-134,290,0
1,2,70,1,2,-132,290,0
1,2,71,1,2,-131,290,0
1,2,72,1,2,-130,290,0
1,2,73,1,2,-128,290,0
1,2,74,1,2,-127,290,0
1,2,75,1,2,-126,290,0
1,2,76,1,2,-124,290,0
1,2,77,1,2,-123,290,0
1,2,78,1,2,-122,290,0
1,2,79,1,2,-121,290,0
1,2,80,1,2,-119,290,0
1,2,81,1,2,-118,290,0
1,2,82,1,2,-117,290,0
1,2,83,1,2,-115,290,0
1,2,84,1,2,-114,289,0
1,2,85,1,2,-113,289,0
1,2,86,1,2,-111,289,0
1,2,87,1,2,-110,289,0
1,2,88,1,2,-109,289,0
1,2,89,1,2,-108,289,0
1,2,90,1,2,-106,289,0
1,2,91,1,2,-105,289,0
1,2,92,1,2,-104,289,0
1,2,93,1,2,-102,289,0
1,2,94,1,2,-101,289,0
1,2,95,1,2,-100,289,0
1,2,96,1,2,-98,289,0
1,2,97,1,2,-97,289,0
1,2,98,1,2,-96,289,0
1,2,99,1,2,-95,289,0
1,2,100,1,2,-385,292,0
1,2,101,1,2,-384,292,0
1,2,102,1,2,-383,292,0
1,2,103,1,2,-381,292,0
1,2,104,1,2,-380,292,0
1,2,105,1,2,-379,292,0
1,2,106,1,2,-377,292,0
1,2,107,1,2,-376,292,0
1,2,108,1,2,-375,292,0
1,2,109,1,2,-373,292,0
1,2,110,1,2,-372,292,0
1,2,111,1,2,-371,292,0
1,2,112,1,2,-370,292,0
1,2,113,1,2,-368,292,0
1,2,114,1,2,-367,292,0
1,2,115,1,2,-366,292,0
1,2,116,1,2,-364,292,0
1,2,117,1,2,-363,292,0
1,2,118,1,2,-362,292,0
1,2,119,1,2,-360,292,0
1,2,120,1,2,-359,292,0
1,2,121,1,2,-358,292,0
1,2,122,1,2,-357,292,0
1,2,123,1,2,-355,292,0
1,2,124,1,2,-354,292,0
1,2,125,1,2,-353,292,0
1,2,126,1,2,-351,292,0
1,2,127,1,2,-350,292,0
1,2,128,1,2,-349,292,0
1,2,129,1,2,-348,292,0
1,2,130,1,2,-346,292,0
1,2,131,1,2,-345,291,0
1,2,132,1,2,-344,291,0
1,2,133,1,2,-342,291,0
1,2,134,1,2,-341,291,0
1,2,135,1,2,-340,291,0
1,2,136,1,2,-338,291,0
1,2,137,1,2,-337,291,0
1,2,138,1,2,-336,291,0
1,2,139,1,2,-335,291,0
1,2,140,1,2,-333,291,0
1,2,141,1,2,-332,291,0
1,2,142,1,2,-331,291,0
1,2,143,1,2,-329,291,0
1,2,144,1,2,-328,291,0
1,2,145,1,2,-327,291,0
1,2,146,1,2,-325,291,0
1,2,147,1,2,-324,291,0
1,2,148,1,2,-323,291,0
1,2,149,1,2,-322,291,0
1,2,150,1,2,-320,291,0
1,2,151,1,2,-319,291,0
1,2,152,1,2,-318,291,0
1,2,153,1,2,-316,291,0
1,2,154,1,2,-315,291,0
1,2,155,1,2,-314,291,0
1,2,156,1,2,-312,291,0
1,2,157,1,2,-311,291,0
1,2,158,1,2,-310,291,0
1,2,159,1,2,-309,291,0
1,2,160,1,2,-307,291,0
1,2,161,1,2,-306,291,0
1,2,162,1,2,-305,291,0
1,2,163,1,2,-303,290,0
1,2,164,1,2,-302,290,0
1,2,165,1,2,-301,290,0
1,2,166,1,2,-299,290,0
1,2,167,1,2,-298,290,0
1,2,168,1,2,-297,290,0
1,2,169,1,2,-296,290,0
1,2,170,1,2,-294,290,0
1,2,171,1,2,-293,290,0
1,2,172,1,2,-292,290,0
1,2,173,1,2,-290,290,0
1,2,174,1,2,-289,290,0
1,2,175,1,2,-288,290,0
1,2,176,1,2,-286,290,0
1,2,177,1,2,-285,290,0
1,2,178,1,2,-284,290,0
1,2,179,1,2,-283,290,0
1,2,180,1,2,-281,290,0
1,2,181,1,2,-280,290,0
1,2,182,1,2,-279,290,0
1,2,183,1,2,-277,290,0
1,2,184,1,2,-276,290,0
1,2,185,1,2,-275,290,0
1,2,186,1,2,-273,290,0
1,2,187,1,2,-272,290,0
1,2,188,1,2,-271,290,0
1,2,189,1,2,-270,290,0
1,2,190,1,2,-268,290,0
1,2,191,1,2,-267,290,0
1,2,192,1,2,-266,290,0
1,2,193,1,2,-264,290,0
1,2,194,1,2,-263,290,0
1,2,195,1,2,-262,290,0
1,2,196,1,2,-261,289,0
1,2,197,1,2,-259,289,0
1,2,198,1,2,-258,289,0
1,2,199,1,2,-257,289,0
1,2,200,1,2,-495,292,0
1,2,201,1,2,-494,292,0
1,2,202,1,2,-492,292,0
1,2,203,1,2,-491,292,0
1,2,204,1,2,-490,292,0
1,2,205,1,2,-488,292,0
1,2,206,1,2,-487,292,0
1,2,207,1,2,-485,292,0
1,2,208,1,2,-484,293,0
1,2,209,1,2,-482,293,0
1,2,210,1,2,-481,293,0
1,2,211,1,2,-479,293,0
1,2,212,1,2,-478,293,0
1,2,213,1,2,-476,293,0
1,2,214,1,2,-475,293,0
1,2,215,1,2,-473,293,0
1,2,216,1,2,-472,293,0
1,2,217,1,2,-470,293,0
1,2,218,1,2,-469,293,0
1,2,219,1,2,-468,293,0
1,2,220,1,2,-466,293,0
1,2,221,1,2,-465,293,0
1,2,222,1,2,-463,293,0
1,2,223,1,2,-462,293,0
1,2,224,1,2,-460,293,0
1,2,225,1,2,-459,293,0
1,2,226,1,2,-457,293,0
1,2,227,1,2,-456,293,0
1,2,228,1,2,-454,293,0
1,2,229,1,2,-453,293,0
1,2,230,1,2,-451,293,0
1,2,231,1,2,-450,293,0
1,2,232,1,2,-448,293,0
1,2,233,1,2,-447,293,0
1,2,234,1,2,-446,293,0
1,2,235,1,2,-444,293,0
1,2,236,1,2,-443,293,0
1,2,237,1,2,-441,293,0
1,2,238,1,2,-440,293,0
1,2,239,1,2,-438,293,0
1,2,240,1,2,-437,293,0
1,2,241,1,2,-435,293,0
1,2,242,1,2,-434,293,0
1,2,243,1,2,-432,293,0
1,2,244,1,2,-431,293,0
1,2,245,1,2,-429,293,0
1,2,246,1,2,-428,293,0
1,2,247,1,2,-426,293,0
1,2,248,1,2,-425,293,0
1,2,249,1,2,-424,293,0
1,3,99,2,2,-543,17,0
1,3,98,2,2,-538,20,0
1,3,97,2,2,-534,22,0
1,3,96,2,2,-530,24,0
1,3,95,2,2,-525,26,0
1,3,94,2,2,-521,28,0
1,3,93,2,2,-517,30,0
1,3,92,2,2,-512,32,0
1,3,91,2,2,-508,34,0
1,3,90,2,2,-504,36,0
1,3,89,2,2,-499,38,0
1,3,88,2,2,-495,40,0
1,3,87,2,2,-491,42,0
1,3,86,2,2,-486,45,0
1,3,85,2,2,-482,47,0
1,3,84,2,2,-477,49,0
1,3,83,2,2,-473,51,0
1,3,82,2,2,-469,53,0
1,3,81,2,2,-464,55,0
1,3,80,2,2,-460,57,0
1,3,79,2,2,-456,59,0
1,3,78,2,2,-451,61,0
1,3,77,2,2,-447,63,0
1,3,76,2,2,-443,65,0
1,3,75,2,2,-438,67,0
1,3,74,2,2,-434,69,0
1,3,73,2,2,-430,72,0
1,3,72,2,2,-425,74,0
1,3,71,2,2,-421,76,0
1,3,70,2,2,-416,78,0
1,3,69,2,2,-412,80,0
1,3,68,2,2,-408,82,0
1,3,67,2,2,-403,84,0
1,3,66,2,2,-399,86,0
1,3,65,2,2,-395,88,0
1,3,64,2,2,-390,90,0
1,3,63,2,2,-386,92,0
1,3,62,2,2,-382,94,0
1,3,61,2,2,-377,97,0
1,3,60,2,2,-373,99,0
1,3,59,2,2,-369,101,0
1,3,58,2,2,-364,103,0
1,3,57,2,2,-360,105,0
1,3,56,2,2,-356,107,0
1,3,55,2,2,-351,109,0
1,3,54,2,2,-347,111,0
1,3,53,2,2,-342,113,0
1,3,52,2,2,-338,115,0
1,3,51,2,2,-334,117,0
1,3,50,2,2,-329,119,0
1,3,49,2,2,-325,121,0
1,3,48,2,2,-321,124,0
1,3,47,2,2,-316,126,0
1,3,46,2,2,-312,128,0
1,3,45,2,2,-308,130,0
1,3,44,2,2,-303,132,0
1,3,43,2,2,-299,134,0
1,3,42,2,2,-295,136,0
1,3,41,2,2,-290,138,0
1,3,40,2,2,-286,140,0
1,3,39,2,2,-282,142,0
1,3,38,2,2,-277,144,0
1,3,37,2,2,-273,146,0
1,3,36,2,2,-268,149,0
1,3,35,2,2,-264,151,0
1,3,34,2,2,-260,153,0
1,3,33,2,2,-255,155,0
1,3,32,2,2,-251,157,0
1,3,31,2,2,-247,159,0
1,3,30,2,2,-242,161,0
1,3,29,2,2,-238,163,0
1,3,28,2,2,-234,165,0
1,3,27,2,2,-229,167,0
1,3,26,2,2,-225,169,0
1,3,25,2,2,-221,171,0
1,3,24,2,2,-216,173,0
1,3,23,2,2,-212,176,0
1,3,22,2,2,-207,178,0
1,3,21,2,2,-203,180,0
1,3,20,2,2,-199,182,0
1,3,19,2,2,-194,184,0
1,3,18,2,2,-190,186,0
1,3,17,2,2,-186,188,0
1,3,16,2,2,-181,190,0
1,3,15,2,2,-177,192,0
1,3,14,2,2,-173,194,0
1,3,13,2,2,-168,196,0
1,3,12,2,2,-164,198,0
1,3,11,2,2,-160,201,0
1,3,10,2,2,-155,203,0
1,3,9,2,2,-151,205,0
1,3,8,2,2,-147,207,0
1,3,7,2,2,-142,209,0
1,3,6,2,2,-138,211,0
1,3,5,2,2,-133,213,0
1,3,4,2,2,-129,215,0
1,3,3,2,2,-125,217,0
1,3,2,2,2,-120,219,0
1,3,1,2,2,-116,221,0
1,3,0,2,2,-112,223,0
1,4,99,2,1,543,17,0
1,4,98,2,1,538,20,0
1,4,97,2,1,534,22,0
1,4,96,2,1,530,24,0
1,4,95,2,1,525,26,0
1,4,94,2,1,521,28,0
1,4,93,2,1,517,30,0
1,4,92,2,1,512,32,0
1,4,91,2,1,508,34,0
1,4,90,2,1,504,36,0
1,4,89,2,1,499,38,0
1,4,88,2,1,495,40,0
1,4,87,2,1,491,42,0
1,4,86,2,1,486,45,0
1,4,85,2,1,482,47,0
1,4,84,2,1,477,49,0
1,4,83,2,1,473,51,0
1,4,82,2,1,469,53,0
1,4,81,2,1,464,55,0
1,4,80,2,1,460,57,0
1,4,79,2,1,456,59,0
1,4,78,2,1,451,61,0
1,4,77,2,1,447,63,0
1,4,76,2,1,443,65,0
1,4,75,2,1,438,67,0
1,4,74,2,1,434,69,0
1,4,73,2,1,430,72,0
1,4,72,2,1,425,74,0
1,4,71,2,1,421,76,0
1,4,70,2,1,416,78,0
1,4,69,2,1,412,80,0
1,4,68,2,1,408,82,0
1,4,67,2,1,403,84,0
1,4,66,2,1,399,86,0
1,4,65,2,1,395,88,0
1,4,64,2,1,390,90,0
1,4,63,2,1,386,92,0
1,4,62,2,1,382,94,0
1,4,61,2,1,377,97,0
1,4,60,2,1,373,99,0
1,4,59,2,1,369,101,0
1,4,58,2,1,364,103,0
1,4,57,2,1,360,105,0
1,4,56,2,1,356,107,0
1,4,55,2,1,351,109,0
1,4,54,2,1,347,111,0
1,4,53,2,1,342,113,0
1,4,52,2,1,338,115,0
1,4,51,2,1,334,117,0
1,4,50,2,1,329,119,0
1,4,49,2,1,325,121,0
1,4,48,2,1,321,124,0
1,4,47,2,1,316,126,0
1,4,46,2,1,312,128,0
1,4,45,2,1,308,130,0
1,4,44,2,1,303,132,0
1,4,43,2,1,299,134,0
1,4,42,2,1,295,136,0
1,4,41,2,1,290,138,0
1,4,40,2,1,286,140,0
1,4,39,2,1,282,142,0
1,4,38,2,1,277,144,0
1,4,37,2,1,273,146,0
1,4,36,2,1,268,149,0
1,4,35,2,1,264,151,0
1,4,34,2,1,260,153,0
1,4,33,2,1,255,155,0
1,4,32,2,1,251,157,0
1,4,31,2,1,247,159,0
1,4,30,2,1,242,161,0
1,4,29,2,1,238,163,0
1,4,28,2,1,234,165,0
1,4,27,2,1,229,167,0
1,4,26,2,1,225,169,0
1,4,25,2,1,221,171,0
1,4,24,2,1,216,173,0
1,4,23,2,1,212,176,0
1,4,22,2,1,207,178,0
1,4,21,2,1,203,180,0
1,4,20,2,1,199,182,0
1,4,19,2,1,194,184,0
1,4,18,2,1,190,186,0
1,4,17,2,1,186,188,0
1,4,16,2,1,181,190,0
1,4,15,2,1,177,192,0
1,4,14,2,1,173,194,0
1,4,13,2,1,168,196,0
1,4,12,2,1,164,198,0
1,4,11,2,1,160,201,0
1,4,10,2,1,155,203,0
1,4,9,2,1,151,205,0
1,4,8,2,1,147,207,0
1,4,7,2,1,142,209,0
1,4,6,2,1,138,211,0
1,4,5,2,1,133,213,0
1,4,4,2,1,129,215,0
1,4,3,2,1,125,217,0
1,4,2,2,1,120,219,0
1,4,1,2,1,116,221,0
1,4,0,2,1,112,223,0
1,5,99,2,1,543,-23,0
1,5,98,2,1,538,-20,0
1,5,97,2,1,534,-18,0
1,5,96,2,1,530,-16,0
1,5,95,2,1,525,-14,0
1,5,94,2,1,521,-12,0
1,5,93,2,1,517,-10,0
1,5,92,2,1,512,-8,0
1,5,91,2,1,508,-6,0
1,5,90,2,1,504,-4,0
1,5,89,2,1,499,-2,0
1,5,88,2,1,495,0,0
1,5,87,2,1,491,2,0
1,5,86,2,1,486,5,0
1,5,85,2,1,482,7,0
1,5,84,2,1,477,9,0
1,5,83,2,1,473,11,0
1,5,82,2,1,469,13,0
1,5,81,2,1,464,15,0
1,5,80,2,1,460,17,0
1,5,79,2,1,456,19,0
1,5,78,2,1,451,21,0
1,5,77,2,1,447,23,0
1,5,76,2,1,443,25,0
1,5,75,2,1,438,27,0
1,5,74,2,1,434,29,0
1,5,73,2,1,430,32,0
1,5,72,2,1,425,34,0
1,5,71,2,1,421,36,0
1,5,70,2,1,416,38,0
1,5,69,2,1,412,40,0
1,5,68,2,1,408,42,0
1,5,67,2,1,403,44,0
1,5,66,2,1,399,46,0
1,5,65,2,1,395,48,0
1,5,64,2,1,390,50,0
1,5,63,2,1,386,52,0
1,5,62,2,1,382,54,0
1,5,61,2,1,377,57,0
1,5,60,2,1,373,59,0
1,5,59,2,1,369,61,0
1,5,58,2,1,364,63,0
1,5,57,2,1,360,65,0
1,5,56,2,1,356,67,0
1,5,55,2,1,351,69,0
1,5,54,2,1,347,71,0
1,5,53,2,1,342,73,0
1,5,52,2,1,338,75,0
1,5,51,2,1,334,77,0
1,5,50,2,1,329,79,0
1,5,49,2,1,325,81,0
1,5,48,2,1,321,84,0
1,5,47,2,1,316,86,0
1,5,46,2,1,312,88,0
1,5,45,2,1,308,90,0
1,5,44,2,1,303,92,0
1,5,43,2,1,299,94,0
1,5,42,2,1,295,96,0
1,5,41,2,1,290,98,0
1,5,40,2,1,286,100,0
1,5,39,2,1,282,102,0
1,5,38,2,1,277,104,0
1,5,37,2,1,273,106,0
1,5,36,2,1,268,109,0
1,5,35,2,1,264,111,0
1,5,34,2,1,260,113,0
1,5,33,2,1,255,115,0
1,5,32,2,1,251,117,0
1,5,31,2,1,247,119,0
1,5,30,2,1,242,121,0
1,5,29,2,1,238,123,0
1,5,28,2,1,234,125,0
1,5,27,2,1,229,127,0
1,5,26,2,1,225,129,0
1,5,25,2,1,221,131,0
1,5,24,2,1,216,133,0
1,5,23,2,1,212,136,0
1,5,22,2,1,207,138,0
1,5,21,2,1,203,140,0
1,5,20,2,1,199,142,0
1,5,19,2,1,194,144,0
1,5,18,2,1,190,146,0
1,5,17,2,1,186,148,0
1,5,16,2,1,181,150,0
1,5,15,2,1,177,152,0
1,5,14,2,1,173,154,0
1,5,13,2,1,168,156,0
1,5,12,2,1,164,158,0
1,5,11,2,1,160,161,0
1,5,10,2,1,155,163,0
1,5,9,2,1,151,165,0
1,5,8,2,1,147,167,0
1,5,7,2,1,142,169,0
1,5,6,2,1,138,171,0
1,5,5,2,1,133,173,0
1,5,4,2,1,129,175,0
1,5,3,2,1,125,177,0
1,5,2,2,1,120,179,0
1,5,1,2,1,116,181,0
1,5,0,2,1,112,183,0
1,6,99,2,2,-543,-23,0
1,6,98,2,2,-538,-20,0
1,6,97,2,2,-534,-18,0
1,6,96,2,2,-530,-16,0
1,6,95,2,2,-525,-14,0
1,6,94,2,2,-521,-12,0
1,6,93,2,2,-517,-10,0
1,6,92,2,2,-512,-8,0
1,6,91,2,2,-508,-6,0
1,6,90,2,2,-504,-4,0
1,6,89,2,2,-499,-2,0
1,6,88,2,2,-495,0,0
1,6,87,2,2,-491,2,0
1,6,86,2,2,-486,5,0
1,6,85,2,2,-482,7,0
1,6,84,2,2,-477,9,0
1,6,83,2,2,-473,11,0
1,6,82,2,2,-469,13,0
1,6,81,2,2,-464,15,0
1,6,80,2,2,-460,17,0
1,6,79,2,2,-456,19,0
1,6,78,2,2,-451,21,0
1,6,77,2,2,-447,23,0
1,6,76,2,2,-443,25,0
1,6,75,2,2,-438,27,0
1,6,74,2,2,-434,29,0
1,6,73,2,2,-430,32,0
1,6,72,2,2,-425,34,0
1,6,71,2,2,-421,36,0
1,6,70,2,2,-416,38,0
1,6,69,2,2,-412,40,0
1,6,68,2,2,-408,42,0
1,6,67,2,2,-403,44,0
1,6,66,2,2,-399,46,0
1,6,65,2,2,-395,48,0
1,6,64,2,2,-390,50,0
1,6,63,2,2,-386,52,0
1,6,62,2,2,-382,54,0
1,6,61,2,2,-377,57,0
1,6,60,2,2,-373,59,0
1,6,59,2,2,-369,61,0
1,6,58,2,2,-364,63,0
1,6,57,2,2,-360,65,0
1,6,56,2,2,-356,67,0
1,6,55,2,2,-351,69,0
1,6,54,2,2,-347,71,0
1,6,53,2,2,-342,73,0
1,6,52,2,2,-338,75,0
1,6,51,2,2,-334,77,0
1,6,50,2,2,-329,79,0
1,6,49,2,2,-325,81,0
1,6,48,2,2,-321,84,0
1,6,47,2,2,-316,86,0
1,6,46,2,2,-312,88,0
1,6,45,2,2,-308,90,0
1,6,44,2,2,-303,92,0
1,6,43,2,2,-299,94,0
1,6,42,2,2,-295,96,0
1,6,41,2,2,-290,98,0
1,6,40,2,2,-286,100,0
1,6,39,2,2,-282,102,0
1,6,38,2,2,-277,104,0
1,6,37,2,2,-273,106,0
1,6,36,2,2,-268,109,0
1,6,35,2,2,-264,111,0
1,6,34,2,2,-260,113,0
1,6,33,2,2,-255,115,0
1,6,32,2,2,-251,117,0
1,6,31,2,2,-247,119,0
1,6,30,2,2,-242,121,0
1,6,29,2,2,-238,123,0
1,6,28,2,2,-234,125,0
1,6,27,2,2,-229,127,0
1,6,26,2,2,-225,129,0
1,6,25,2,2,-221,131,0
1,6,24,2,2,-216,133,0
1,6,23,2,2,-212,136,0
1,6,22,2,2,-207,138,0
1,6,21,2,2,-203,140,0
1,6,20,2,2,-199,142,0
1,6,19,2,2,-194,144,0
1,6,18,2,2,-190,146,0
1,6,17,2,2,-186,148,0
1,6,16,2,2,-181,150,0
1,6,15,2,2,-177,152,0
1,6,14,2,2,-173,154,0
1,6,13,2,2,-168,156,0
1,6,12,2,2,-164,158,0
1,6,11,2,2,-160,161,0
1,6,10,2,2,-155,163,0
1,6,9,2,2,-151,165,0
1,6,8,2,2,-147,167,0
1,6,7,2,2,-142,169,0
1,6,6,2,2,-138,171,0
1,6,5,2,2,-133,173,0
1,6,4,2,2,-129,175,0
1,6,3,2,2,-125,177,0
1,6,2,2,2,-120,179,0
1,6,1,2,2,-116,181,0
1,6,0,2,2,-112,183,0
1,7,49,3,2,-20,340,0
1,7,48,3,2,-20,339,0
1,7,47,3,2,-20,338,0
1,7,46,3,2,-20,336,0
1,7,45,3,2,-20,335,0
1,7,44,3,2,-20,333,0
1,7,43,3,2,-20,332,0
1,7,42,3,2,-20,331,0
1,7,41,3,2,-20,329,0
1,7,40,3,2,-20,328,0
1,7,39,3,2,-20,326,0
1,7,38,3,2,-20,325,0
1,7,37,3,2,-20,324,0
1,7,36,3,2,-20,322,0
1,7,35,3,2,-20,321,0
1,7,34,3,2,-20,319,0
1,7,33,3,2,-20,318,0
1,7,32,3,2,-20,317,0
1,7,31,3,2,-20,315,0
1,7,30,3,2,-20,314,0
1,7,29,3,2,-20,312,0
1,7,28,3,2,-20,311,0
1,7,27,3,2,-20,310,0
1,7,26,3,2,-20,308,0
1,7,25,3,2,-20,307,0
1,7,24,3,2,-20,305,0
1,7,23,3,2,-20,304,0
1,7,22,3,2,-20,303,0
1,7,21,3,2,-20,301,0
1,7,20,3,2,-20,300,0
1,7,19,3,2,-20,298,0
1,7,18,3,2,-20,297,0
1,7,17,3,2,-20,296,0
1,7,16,3,2,-20,294,0
1,7,15,3,2,-20,293,0
1,7,14,3,2,-20,291,0
1,7,13,3,2,-20,290,0
1,7,12,3,2,-20,289,0
1,7,11,3,2,-20,287,0
1,7,10,3,2,-20,286,0
1,7,9,3,2,-20,284,0
1,7,8,3,2,-20,283,0
1,7,7,3,2,-20,282,0
1,7,6,3,2,-20,280,0
1,7,5,3,2,-20,279,0
1,7,4,3,2,-20,277,0
1,7,3,3,2,-20,276,0
1,7,2,3,2,-20,275,0
1,7,1,3,2,-20,273,0
1,7,0,3,2,-20,272,0
1,8,49,3,1,20,340,0
1,8,48,3,1,20,339,0
1,8,47,3,1,20,338,0
1,8,46,3,1,20,336,0
1,8,45,3,1,20,335,0
1,8,44,3,1,20,333,0
1,8,43,3,1,20,332,0
1,8,42,3,1,20,331,0
1,8,41,3,1,20,329,0
1,8,40,3,1,20,328,0
1,8,39,3,1,20,326,0
1,8,38,3,1,20,325,0
1,8,37,3,1,20,324,0
1,8,36,3,1,20,322,0
1,8,35,3,1,20,321,0
1,8,34,3,1,20,319,0
1,8,33,3,1,20,318,0
1,8,32,3,1,20,317,0
1,8,31,3,1,20,315,0
1,8,30,3,1,20,314,0
1,8,29,3,1,20,312,0
1,8,28,3,1,20,311,0
1,8,27,3,1,20,310,0
1,8,26,3,1,20,308,0
1,8,25,3,1,20,307,0
1,8,24,3,1,20,305,0
1,8,23,3,1,20,304,0
1,8,22,3,1,20,303,0
1,8,21,3,1,20,301,0
1,8,20,3,1,20,300,0
1,8,19,3,1,20,298,0
1,8,18,3,1,20,297,0
1,8,17,3,1,20,296,0
1,8,16,3,1,20,294,0
1,8,15,3,1,20,293,0
1,8,14,3,1,20,291,0
1,8,13,3,1,20,290,0
1,8,12,3,1,20,289,0
1,8,11,3,1,20,287,0
1,8,10,3,1,20,286,0
1,8,9,3,1,20,284,0
1,8,8,3,1,20,283,0
1,8,7,3,1,20,282,0
1,8,6,3,1,20,280,0
1,8,5,3,1,20,279,0
1,8,4,3,1,20,277,0
1,8,3,3,1,20,276,0
1,8,2,3,1,20,275,0
1,8,1,3,1,20,273,0
1,8,0,3,1,20,272,0
1,9,0,3,1,30,254,0
1,9,1,3,2,-30,254,0
1,10,0,4,1,137,-625,0
1,10,1,4,1,131,-625,0
1,10,2,4,1,126,-625,0
1,10,3,4,1,120,-625,0
1,10,4,4,1,114,-625,0
1,10,5,4,1,109,-625,0
1,10,6,4,1,103,-625,0
1,10,7,4,1,98,-625,0
1,10,8,4,1,92,-625,0
1,10,9,4,1,87,-625,0
1,10,10,4,1,81,-625,0
1,10,11,4,1,75,-625,0
1,10,12,4,1,70,-625,0
1,10,13,4,1,64,-625,0
1,10,14,4,1,59,-625,0
1,10,15,4,1,53,-625,0
1,10,16,4,1,47,-625,0
1,10,17,4,1,42,-625,0
1,10,18,4,1,36,-625,0
1,10,19,4,1,31,-625,0
1,10,20,4,1,25,-625,0
1,10,21,4,1,19,-625,0
1,10,22,4,1,14,-625,0
1,10,23,4,1,8,-625,0
1,10,24,4,1,3,-625,0
1,10,50,4,1,137,-557,0
1,10,51,4,1,131,-557,0
1,10,52,4,1,126,-557,0
1,10,53,4,1,120,-557,0
1,10,54,4,1,114,-557,0
1,10,55,4,1,109,-557,0
1,10,56,4,1,103,-557,0
1,10,57,4,1,98,-557,0
1,10,58,4,1,92,-557,0
1,10,59,4,1,87,-557,0
1,10,60,4,1,81,-557,0
1,10,61,4,1,75,-557,0
1,10,62,4,1,70,-557,0
1,10,63,4,1,64,-557,0
1,10,64,4,1,59,-557,0
1,10,65,4,1,53,-557,0
1,10,66,4,1,47,-557,0
1,10,67,4,1,42,-557,0
1,10,68,4,1,36,-557,0
1,10,69,4,1,31,-557,0
1,10,70,4,1,25,-557,0
1,10,71,4,1,19,-557,0
1,10,72,4,1,14,-557,0
1,10,73,4,1,8,-557,0
1,10,74,4,1,3,-557,0
1,10,100,4,1,137,-489,0
1,10,101,4,1,131,-489,0
1,10,102,4,1,126,-489,0
1,10,103,4,1,120,-489,0
1,10,104,4,1,114,-489,0
1,10,105,4,1,109,-489,0
1,10,106,4,1,103,-489,0
1,10,107,4,1,98,-489,0
1,10,108,4,1,92,-489,0
1,10,109,4,1,87,-489,0
1,10,110,4,1,81,-489,0
1,10,111,4,1,75,-489,0
1,10,112,4,1,70,-489,0
1,10,113,4,1,64,-489,0
1,10,114,4,1,59,-489,0
1,10,115,4,1,53,-489,0
1,10,116,4,1,47,-489,0
1,10,117,4,1,42,-489,0
1,10,118,4,1,36,-489,0
1,10,119,4,1,31,-489,0
1,10,120,4,1,25,-489,0
1,10,121,4,1,19,-489,0
1,10,122,4,1,14,-489,0
1,10,123,4,1,8,-489,0
1,10,124,4,1,3,-489,0
1,10,150,4,1,137,-421,0
1,10,151,4,1,131,-421,0
1,10,152,4,1,126,-421,0
1,10,153,4,1,120,-421,0
1,10,154,4,1,114,-421,0
1,10,155,4,1,109,-421,0
1,10,156,4,1,103,-421,0
1,10,157,4,1,98,-421,0
1,10,158,4,1,92,-421,0
1,10,159,4,1,87,-421,0
1,10,160,4,1,81,-421,0
1,10,161,4,1,75,-421,0
1,10,162,4,1,70,-421,0
1,10,163,4,1,64,-421,0
1,10,164,4,1,59,-421,0
1,10,165,4,1,53,-421,0
1,10,166,4,1,47,-421,0
1,10,167,4,1,42,-421,0
1,10,168,4,1,36,-421,0
1,10,169,4,1,31,-421,0
1,10,170,4,1,25,-421,0
1,10,171,4,1,19,-421,0
1,10,172,4,1,14,-421,0
1,10,173,4,1,8,-421,0
1,10,174,4,1,3,-421,0
1,10,200,4,1,137,-353,0
1,10,201,4,1,131,-353,0
1,10,202,4,1,126,-353,0
1,10,203,4,1,120,-353,0
1,10,204,4,1,114,-353,0
1,10,205,4,1,109,-353,0
1,10,206,4,1,103,-353,0
1,10,207,4,1,98,-353,0
1,10,208,4,1,92,-353,0
1,10,209,4,1,87,-353,0
1,10,210,4,1,81,-353,0
1,10,211,4,1,75,-353,0
1,10,212,4,1,70,-353,0
1,10,213,4,1,64,-353,0
1,10,214,4,1,59,-353,0
1,10,215,4,1,53,-353,0
1,10,216,4,1,47,-353,0
1,10,217,4,1,42,-353,0
1,10,218,4,1,36,-353,0
1,10,219,4,1,31,-353,0
1,10,220,4,1,25,-353,0
1,10,221,4,1,19,-353,0
1,10,222,4,1,14,-353,0
1,10,223,4,1,8,-353,0
1,10,224,4,1,3,-353,0
1,10,250,4,1,137,-285,0
1,10,251,4,1,131,-285,0
1,10,252,4,1,126,-285,0
1,10,253,4,1,120,-285,0
1,10,254,4,1,114,-285,0
1,10,255,4,1,109,-285,0
1,10,256,4,1,103,-285,0
1,10,257,4,1,98,-285,0
1,10,258,4,1,92,-285,0
1,10,259,4,1,87,-285,0
1,10,260,4,1,81,-285,0
1,10,261,4,1,75,-285,0
1,10,262,4,1,70,-285,0
1,10,263,4,1,64,-285,0
1,10,264,4,1,59,-285,0
1,10,265,4,1,53,-285,0
1,10,266,4,1,47,-285,0
1,10,267,4,1,42,-285,0
1,10,268,4,1,36,-285,0
1,10,269,4,1,31,-285,0
1,10,270,4,1,25,-285,0
1,10,271,4,1,19,-285,0
1,10,272,4,1,14,-285,0
1,10,273,4,1,8,-285,0
1,10,274,4,1,3,-285,0
1,10,25,4,2,-3,-625,0
1,10,26,4,2,-8,-625,0
1,10,27,4,2,-14,-625,0
1,10,28,4,2,-20,-625,0
1,10,29,4,2,-25,-625,0
1,10,30,4,2,-31,-625,0
1,10,31,4,2,-36,-625,0
1,10,32,4,2,-42,-625,0
1,10,33,4,2,-48,-625,0
1,10,34,4,2,-53,-625,0
1,10,35,4,2,-59,-625,0
1,10,36,4,2,-64,-625,0
1,10,37,4,2,-70,-625,0
1,10,38,4,2,-76,-625,0
1,10,39,4,2,-81,-625,0
1,10,40,4,2,-87,-625,0
1,10,41,4,2,-92,-625,0
1,10,42,4,2,-98,-625,0
1,10,43,4,2,-103,-625,0
1,10,44,4,2,-109,-625,0
1,10,45,4,2,-115,-625,0
1,10,46,4,2,-120,-625,0
1,10,47,4,2,-126,-625,0
1,10,48,4,2,-131,-625,0
1,10,49,4,2,-137,-625,0
1,10,75,4,2,-3,-557,0
1,10,76,4,2,-8,-557,0
1,10,77,4,2,-14,-557,0
1,10,78,4,2,-20,-557,0
1,10,79,4,2,-25,-557,0
1,10,80,4,2,-31,-557,0
1,10,81,4,2,-36,-557,0
1,10,82,4,2,-42,-557,0
1,10,83,4,2,-48,-557,0
1,10,84,4,2,-53,-557,0
1,10,85,4,2,-59,-557,0
1,10,86,4,2,-64,-557,0
1,10,87,4,2,-70,-557,0
1,10,88,4,2,-76,-557,0
1,10,89,4,2,-81,-557,0
1,10,90,4,2,-87,-557,0
1,10,91,4,2,-92,-557,0
1,10,92,4,2,-98,-557,0
1,10,93,4,2,-103,-557,0
1,10,94,4,2,-109,-557,0
1,10,95,4,2,-115,-557,0
1,10,96,4,2,-120,-557,0
1,10,97,4,2,-126,-557,0
1,10,98,4,2,-131,-557,0
1,10,99,4,2,-137,-557,0
1,10,125,4,2,-3,-489,0
1,10,126,4,2,-8,-489,0
1,10,127,4,2,-14,-489,0
1,10,128,4,2,-20,-489,0
1,10,129,4,2,-25,-489,0
1,10,130,4,2,-31,-489,0
1,10,131,4,2,-36,-489,0
1,10,132,4,2,-42,-489,0
1,10,133,4,2,-48,-489,0
1,10,134,4,2,-53,-489,0
1,10,135,4,2,-59,-489,0
1,10,136,4,2,-64,-489,0
1,10,137,4,2,-70,-489,0
1,10,138,4,2,-76,-489,0
1,10,139,4,2,-81,-489,0
1,10,140,4,2,-87,-489,0
1,10,141,4,2,-92,-489,0
1,10,142,4,2,-98,-489,0
1,10,143,4,2,-103,-489,0
1,10,144,4,2,-109,-489,0
1,10,145,4,2,-115,-489,0
1,10,146,4,2,-120,-489,0
1,10,147,4,2,-126,-489,0
1,10,148,4,2,-131,-489,0
1,10,149,4,2,-137,-489,0
1,10,175,4,2,-3,-421,0
1,10,176,4,2,-8,-421,0
1,10,177,4,2,-14,-421,0
1,10,178,4,2,-20,-421,0
1,10,179,4,2,-25,-421,0
1,10,180,4,2,-31,-421,0
1,10,181,4,2,-36,-421,0
1,10,182,4,2,-42,-421,0
1,10,183,4,2,-48,-421,0
1,10,184,4,2,-53,-421,0
1,10,185,4,2,-59,-421,0
1,10,186,4,2,-64,-421,0
1,10,187,4,2,-70,-421,0
1,10,188,4,2,-76,-421,0
1,10,189,4,2,-81,-421,0
1,10,190,4,2,-87,-421,0
1,10,191,4,2,-92,-421,0
1,10,192,4,2,-98,-421,0
1,10,193,4,2,-103,-421,0
1,10,194,4,2,-109,-421,0
1,10,195,4,2,-115,-421,0
1,10,196,4,2,-120,-421,0
1,10,197,4,2,-126,-421,0
1,10,198,4,2,-131,-421,0
1,10,199,4,2,-137,-421,0
1,10,225,4,2,-3,-353,0
1,10,226,4,2,-8,-353,0
1,10,227,4,2,-14,-353,0
1,10,228,4,2,-20,-353,0
1,10,229,4,2,-25,-353,0
1,10,230,4,2,-31,-353,0
1,10,231,4,2,-36,-353,0
1,10,232,4,2,-42,-353,0
1,10,233,4,2,-48,-353,0
1,10,234,4,2,-53,-353,0
1,10,235,4,2,-59,-353,0
1,10,236,4,2,-64,-353,0
1,10,237,4,2,-70,-353,0
1,10,238,4,2,-76,-353,0
1,10,239,4,2,-81,-353,0
1,10,240,4,2,-87,-353,0
1,10,241,4,2,-92,-353,0
1,10,242,4,2,-98,-353,0
1,10,243,4,2,-103,-353,0
1,10,244,4,2,-109,-353,0
1,10,245,4,2,-115,-353,0
1,10,246,4,2,-120,-353,0
1,10,247,4,2,-126,-353,0
1,10,248,4,2,-131,-353,0
1,10,249,4,2,-137,-353,0
1,10,275,4,2,-3,-285,0
1,10,276,4,2,-8,-285,0
1,10,277,4,2,-14,-285,0
1,10,278,4,2,-20,-285,0
1,10,279,4,2,-25,-285,0
1,10,280,4,2,-31,-285,0
1,10,281,4,2,-36,-285,0
1,10,282,4,2,-42,-285,0
1,10,283,4,2,-48,-285,0
1,10,284,4,2,-53,-285,0
1,10,285,4,2,-59,-285,0
1,10,286,4,2,-64,-285,0
1,10,287,4,2,-70,-285,0
1,10,288,4,2,-76,-285,0
1,10,289,4,2,-81,-285,0
1,10,290,4,2,-87,-285,0
1,10,291,4,2,-92,-285,0
1,10,292,4,2,-98,-285,0
1,10,293,4,2,-103,-285,0
1,10,294,4,2,-109,-285,0
1,10,295,4,2,-115,-285,0
1,10,296,4,2,-120,-285,0
1,10,297,4,2,-126,-285,0
1,10,298,4,2,-131,-285,0
1,10,299,4,2,-137,-285,0
1,11,100,4,1,120,-250,0
1,11,101,4,1,120,-245,0
1,11,102,4,1,120,-240,0
1,11,103,4,1,120,-235,0
1,11,104,4,1,120,-230,0
1,11,105,4,1,120,-225,0
1,11,106,4,1,120,-220,0
1,11,107,4,1,120,-215,0
1,11,108,4,1,120,-210,0
1,11,109,4,1,120,-205,0
1,11,110,4,1,120,-200,0
1,11,111,4,1,120,-195,0
1,11,112,4,1,120,-190,0
1,11,113,4,1,120,-185,0
1,11,114,4,1,120,-180,0
1,11,115,4,1,120,-175,0
1,11,116,4,1,120,-170,0
1,11,117,4,1,120,-165,0
1,11,118,4,1,120,-160,0
1,11,119,4,1,120,-155,0
1,11,120,4,1,120,-150,0
1,11,121,4,1,120,-145,0
1,11,122,4,1,120,-140,0
1,11,123,4,1,120,-135,0
1,11,124,4,1,120,-130,0
1,11,125,4,1,120,-125,0
1,11,126,4,1,120,-120,0
1,11,127,4,1,120,-115,0
1,11,128,4,1,120,-110,0
1,11,129,4,1,120,-105,0
1,11,130,4,1,120,-100,0
1,11,131,4,1,120,-95,0
1,11,132,4,1,120,-90,0
1,11,133,4,1,120,-85,0
1,11,134,4,1,120,-80,0
1,11,135,4,1,120,-75,0
1,11,136,4,1,120,-70,0
1,11,137,4,1,120,-65,0
1,11,138,4,1,120,-60,0
1,11,139,4,1,120,-55,0
1,11,140,4,1,120,-50,0
1,11,141,4,1,120,-45,0
1,11,142,4,1,120,-40,0
1,11,143,4,1,120,-35,0
1,11,144,4,1,120,-30,0
1,11,145,4,1,120,-25,0
1,11,146,4,1,120,-20,0
1,11,147,4,1,120,-15,0
1,11,148,4,1,120,-10,0
1,11,149,4,1,120,-5,0
1,11,150,4,1,40,-250,0
1,11,151,4,1,40,-245,0
1,11,152,4,1,40,-240,0
1,11,153,4,1,40,-235,0
1,11,154,4,1,40,-230,0
1,11,155,4,1,40,-225,0
1,11,156,4,1,40,-220,0
1,11,157,4,1,40,-215,0
1,11,158,4,1,40,-210,0
1,11,159,4,1,40,-205,0
1,11,160,4,1,40,-200,0
1,11,161,4,1,40,-195,0
1,11,162,4,1,40,-190,0
1,11,163,4,1,40,-185,0
1,11,164,4,1,40,-180,0
1,11,165,4,1,40,-175,0
1,11,166,4,1,40,-170,0
1,11,167,4,1,40,-165,0
1,11,168,4,1,40,-160,0
1,11,169,4,1,40,-155,0
1,11,170,4,1,40,-150,0
1,11,171,4,1,40,-145,0
1,11,172,4,1,40,-140,0
1,11,173,4,1,40,-135,0
1,11,174,4,1,40,-130,0
1,11,175,4,1,40,-125,0
1,11,176,4,1,40,-120,0
1,11,177,4,1,40,-115,0
1,11,178,4,1,40,-110,0
1,11,179,4,1,40,-105,0
1,11,180,4,1,40,-100,0
1,11,181,4,1,40,-95,0
1,11,182,4,1,40,-90,0
1,11,183,4,1,40,-85,0
1,11,184,4,1,40,-80,0
1,11,185,4,1,40,-75,0
1,11,186,4,1,40,-70,0
1,11,187,4,1,40,-65,0
1,11,188,4,1,40,-60,0
1,11,189,4,1,40,-55,0
1,11,190,4,1,40,-50,0
1,11,191,4,1,40,-45,0
1,11,192,4,1,40,-40,0
1,11,193,4,1,40,-35,0
1,11,194,4,1,40,-30,0
1,11,195,4,1,40,-25,0
1,11,196,4,1,40,-20,0
1,11,197,4,1,40,-15,0
1,11,198,4,1,40,-10,0
1,11,199,4,1,40,-5,0
1,11,0,4,2,-120,-250,0
1,11,1,4,2,-120,-245,0
1,11,2,4,2,-120,-240,0
1,11,3,4,2,-120,-235,0
1,11,4,4,2,-120,-230,0
1,11,5,4,2,-120,-225,0
1,11,6,4,2,-120,-220,0
1,11,7,4,2,-120,-215,0
1,11,8,4,2,-120,-210,0
1,11,9,4,2,-120,-205,0
1,11,10,4,2,-120,-200,0
1,11,11,4,2,-120,-195,0
1,11,12,4,2,-120,-190,0
1,11,13,4,2,-120,-185,0
1,11,14,4,2,-120,-180,0
1,11,15,4,2,-120,-175,0
1,11,16,4,2,-120,-170,0
1,11,17,4,2,-120,-165,0
1,11,18,4,2,-120,-160,0
1,11,19,4,2,-120,-155,0
1,11,20,4,2,-120,-150,0
1,11,21,4,2,-120,-145,0
1,11,22,4,2,-120,-140,0
1,11,23,4,2,-120,-135,0
1,11,24,4,2,-120,-130,0
1,11,25,4,2,-120,-125,0
1,11,26,4,2,-120,-120,0
1,11,27,4,2,-120,-115,0
1,11,28,4,2,-120,-110,0
1,11,29,4,2,-120,-105,0
1,11,30,4,2,-120,-100,0
1,11,31,4,2,-120,-95,0
1,11,32,4,2,-120,-90,0
1,11,33,4,2,-120,-85,0
1,11,34,4,2,-120,-80,0
1,11,35,4,2,-120,-75,0
1,11,36,4,2,-120,-70,0
1,11,37,4,2,-120,-65,0
1,11,38,4,2,-120,-60,0
1,11,39,4,2,-120,-55,0
1,11,40,4,2,-120,-50,0
1,11,41,4,2,-120,-45,0
1,11,42,4,2,-120,-40,0
1,11,43,4,2,-120,-35,0
1,11,44,4,2,-120,-30,0
1,11,45,4,2,-120,-25,0
1,11,46,4,2,-120,-20,0
1,11,47,4,2,-120,-15,0
1,11,48,4,2,-120,-10,0
1,11,49,4,2,-120,-5,0
1,11,50,4,2,-40,-250,0
1,11,51,4,2,-40,-245,0
1,11,52,4,2,-40,-240,0
1,11,53,4,2,-40,-235,0
1,11,54,4,2,-40,-230,0
1,11,55,4,2,-40,-225,0
1,11,56,4,2,-40,-220,0
1,11,57,4,2,-40,-215,0
1,11,58,4,2,-40,-210,0
1,11,59,4,2,-40,-205,0
1,11,60,4,2,-40,-200,0
1,11,61,4,2,-40,-195,0
1,11,62,4,2,-40,-190,0
1,11,63,4,2,-40,-185,0
1,11,64,4,2,-40,-180,0
1,11,65,4,2,-40,-175,0
1,11,66,4,2,-40,-170,0
1,11,67,4,2,-40,-165,0
1,11,68,4,2,-40,-160,0
1,11,69,4,2,-40,-155,0
1,11,70,4,2,-40,-150,0
1,11,71,4,2,-40,-145,0
1,11,72,4,2,-40,-140,0
1,11,73,4,2,-40,-135,0
1,11,74,4,2,-40,-130,0
1,11,75,4,2,-40,-125,0
1,11,76,4,2,-40,-120,0
1,11,77,4,2,-40,-115,0
1,11,78,4,2,-40,-110,0
1,11,79,4,2,-40,-105,0
1,11,80,4,2,-40,-100,0
1,11,81,4,2,-40,-95,0
1,11,82,4,2,-40,-90,0
1,11,83,4,2,-40,-85,0
1,11,84,4,2,-40,-80,0
1,11,85,4,2,-40,-75,0
1,11,86,4,2,-40,-70,0
1,11,87,4,2,-40,-65,0
1,11,88,4,2,-40,-60,0
1,11,89,4,2,-40,-55,0
1,11,90,4,2,-40,-50,0
1,11,91,4,2,-40,-45,0
1,11,92,4,2,-40,-40,0
1,11,93,4,2,-40,-35,0
1,11,94,4,2,-40,-30,0
1,11,95,4,2,-40,-25,0
1,11,96,4,2,-40,-20,0
1,11,97,4,2,-40,-15,0
1,11,98,4,2,-40,-10,0
1,11,99,4,2,-40,-5,0